3d,4d,volume,,,,
basic,dummies,intro,introduction,introductions,,
best,better,practice,guide,,,
certain,tool,problem,particular,specific,,
code,coding,python,MATLAB,librar,program,
compare,comparing,comparision,comparison,comparisons,compatibility,
deep learning,machine,learn,ai-,,,
example,,,,,,
fiji,image j,imagej,macro,,,
cellprofiler,cell profiler,pipeline,,,,
imaris,amira,ICY,knime,plug,qupath,napari
segmentation,,,,,,
track,trac,,,,,
open source,source,,,,,
overview,overviews,,,,,